{"cameraMode":{"drawMode":0,"name":"Shaded","section":"Shading Mode"},"sceneLighting":true,"audioPlay":false,"sceneViewState":{"m_AlwaysRefresh":false,"showFog":true,"showSkybox":true,"showFlares":true,"showImageEffects":true,"showParticleSystems":true,"showVisualEffectGraphs":true,"m_FxEnabled":true},"in2DMode":false,"pivot":{"x":1.717087745666504,"y":-0.6390893459320068,"z":10.471882820129395},"rotation":{"x":-0.08384017646312714,"y":-0.09343429654836655,"z":0.007886881940066815,"w":-0.992067277431488},"size":10.038305282592774,"orthographic":false}